channel_id,channel_title,channel_uploads_id,channel_thumbnail,channel_facebook,channel_googleplus,channel_instagram,channel_snapchat,channel_soundcloud,channel_twitter,channel_website
UCOa4ng239g5dqsWYFLR9dmQ,Acoustic Singh,UUOa4ng239g5dqsWYFLR9dmQ,https://yt3.ggpht.com/-a9ow8qIssSY/AAAAAAAAAAI/AAAAAAAAAAA/H8cubNt7u_c/s300-c-k-no-mo-rj-c0xffffff/photo.jpg,null,null,null,null,null,null,null
UC8rCzRwP8sw0TFBTJ2b2IIQ,Aksh Baghla,UU8rCzRwP8sw0TFBTJ2b2IIQ,https://yt3.ggpht.com/-p0bQZS4l68A/AAAAAAAAAAI/AAAAAAAAAAA/k6e8GLFgvOg/s300-c-k-no-mo-rj-c0xffffff/photo.jpg,null,null,null,null,null,null,null
UCY-Rb2-JgAgiR_qzsMRq3qA,Hanu Dixit,UUY-Rb2-JgAgiR_qzsMRq3qA,https://yt3.ggpht.com/-sSb32OerTyQ/AAAAAAAAAAI/AAAAAAAAAAA/N56n9krIS1Y/s300-c-k-no-mo-rj-c0xffffff/photo.jpg,null,null,null,null,null,null,null
UCWNfGTMI1JHmvRbz15x6nEw,Karan Nawani,UUWNfGTMI1JHmvRbz15x6nEw,https://yt3.ggpht.com/-t_xkCbshM4g/AAAAAAAAAAI/AAAAAAAAAAA/1HQeyn-QBjA/s300-c-k-no-mo-rj-c0xffffff/photo.jpg,null,null,null,null,null,null,null
UCWKl46taA6es6Rclohk8JCw,Nupur Pant,UUWKl46taA6es6Rclohk8JCw,https://yt3.ggpht.com/-8Kpqbcu8-Eo/AAAAAAAAAAI/AAAAAAAAAAA/S2bZ9pb48wY/s300-c-k-no-mo-rj-c0xffffff/photo.jpg,null,null,null,null,null,null,null
UCwPpQ2OnOqvylIDZT-KmXUQ,Pallavi Mukund,UUwPpQ2OnOqvylIDZT-KmXUQ,https://yt3.ggpht.com/-WiVjUgUkn8A/AAAAAAAAAAI/AAAAAAAAAAA/XlBn8kIwrQ4/s300-c-k-no-mo-rj-c0xffffff/photo.jpg,null,null,null,null,null,null,null
UCWzhsZ7UGj9glOxaKWibEYA,Raga The RnB,UUWzhsZ7UGj9glOxaKWibEYA,https://yt3.ggpht.com/-sShUI6yzRMI/AAAAAAAAAAI/AAAAAAAAAAA/jBBTWwOBz_c/s300-c-k-no-mo-rj-c0xffffff/photo.jpg,null,null,null,null,null,null,null
UC8JB-8J7XUfYeIJKvEA1DkA,Raghav Chaitanya,UU8JB-8J7XUfYeIJKvEA1DkA,https://yt3.ggpht.com/-owA7fM6R_tE/AAAAAAAAAAI/AAAAAAAAAAA/hWFW2fXPftc/s300-c-k-no-mo-rj-c0xffffff/photo.jpg,null,null,null,null,null,null,null
UCCEaCz6eZkPbxW-F7c6I3hA,Shreya Karmakar,UUCEaCz6eZkPbxW-F7c6I3hA,https://yt3.ggpht.com/-mDg6TQgw2Zs/AAAAAAAAAAI/AAAAAAAAAAA/ELMaIdLjivg/s300-c-k-no-mo-rj-c0xffffff/photo.jpg,null,null,null,null,null,null,null
UCHvU7UkPj1jHpHbuletJzVg,Vasuda Sharma,UUHvU7UkPj1jHpHbuletJzVg,https://yt3.ggpht.com/-hshWjjMSGuU/AAAAAAAAAAI/AAAAAAAAAAA/RdXX2xnLeMg/s300-c-k-no-mo-rj-c0xffffff/photo.jpg,null,null,null,null,null,null,null
UC6bdn2tN7CPZCDLCXqfc15Q,Shankar Tucker,UU6bdn2tN7CPZCDLCXqfc15Q,https://yt3.ggpht.com/-VBRPvEOIIR8/AAAAAAAAAAI/AAAAAAAAAAA/iBzZHrmJGPc/s300-c-k-no-mo-rj-c0xffffff/photo.jpg,null,null,null,null,null,null,null
UCr-gTfI7au9UaEjNCbnp_Nw,Vidya Vox,UUr-gTfI7au9UaEjNCbnp_Nw,https://yt3.ggpht.com/-Q-dvKsbFGbo/AAAAAAAAAAI/AAAAAAAAAAA/jZKh3hzajAM/s300-c-k-no-mo-rj-c0xffffff/photo.jpg,null,null,null,null,null,null,null
UCbfLbeAWA4B4vY3l-p2FD_A,Shraddharockin,UUbfLbeAWA4B4vY3l-p2FD_A,https://yt3.ggpht.com/-SuibqtqUjNI/AAAAAAAAAAI/AAAAAAAAAAA/3-3DwuuoP70/s300-c-k-no-mo-rj-c0xffffff/photo.jpg,null,null,null,null,null,null,null
UCnrG75VRwdlp2wtwfpOCBRQ,Sanam,UUnrG75VRwdlp2wtwfpOCBRQ,https://yt3.ggpht.com/-O11uwLMe_Jg/AAAAAAAAAAI/AAAAAAAAAAA/Dx8E-AvWafY/s300-c-k-no-mo-rj-c0xffffff/photo.jpg,null,null,null,null,null,null,null
UCIhda8kTzU1kW5rG07-r6Rg,The Kroonerz Project,UUIhda8kTzU1kW5rG07-r6Rg,https://yt3.ggpht.com/-IAIUDBu0mb4/AAAAAAAAAAI/AAAAAAAAAAA/rgIWpsfPKUo/s300-c-k-no-mo-rj-c0xffffff/photo.jpg,null,null,null,null,null,null,null
UCDiy2j84o81ojxNz3RizlbA,Maati Baani,UUDiy2j84o81ojxNz3RizlbA,https://yt3.ggpht.com/-XWPWrzbLujU/AAAAAAAAAAI/AAAAAAAAAAA/DQ34WLEuDSA/s300-c-k-no-mo-rj-c0xffffff/photo.jpg,null,null,null,null,null,null,null
UCQVIiLmfrtaYWZ3ws8loNsA,Arjun,UUQVIiLmfrtaYWZ3ws8loNsA,https://yt3.ggpht.com/-kV2SFerO_KU/AAAAAAAAAAI/AAAAAAAAAAA/Yi53QqhxLVk/s300-c-k-no-mo-rj-c0xffffff/photo.jpg,null,null,null,null,null,null,null
UC_c7EFVXxmQMjj5E2CchGXg,Shirley Setia,UU_c7EFVXxmQMjj5E2CchGXg,https://yt3.ggpht.com/-ta-bz8wRDbE/AAAAAAAAAAI/AAAAAAAAAAA/M2hcPaj1cEU/s300-c-k-no-mo-rj-c0xffffff/photo.jpg,null,null,null,null,null,null,null
UCayzTot0bZq1U5NUNhvNDdQ,Strumm Sound,UUayzTot0bZq1U5NUNhvNDdQ,https://yt3.ggpht.com/-M54mnqwPsvs/AAAAAAAAAAI/AAAAAAAAAAA/zqs47k-LZLk/s300-c-k-no-mo-rj-c0xffffff/photo.jpg,null,null,null,null,null,null,null
UC-Qzdx2YISLNU6gEJ27YRiQ,Siddharth Slathia,UU-Qzdx2YISLNU6gEJ27YRiQ,https://yt3.ggpht.com/-fKxSPwYtYjk/AAAAAAAAAAI/AAAAAAAAAAA/tlcXA1Pq3BY/s300-c-k-no-mo-rj-c0xffffff/photo.jpg,null,null,null,null,null,null,null
UCp8v5KixDUzI8z8crVCXj-g,Jonita Music,UUp8v5KixDUzI8z8crVCXj-g,https://yt3.ggpht.com/-iqDLinl_kmo/AAAAAAAAAAI/AAAAAAAAAAA/c3ydk3TifYY/s300-c-k-no-mo-rj-c0xffffff/photo.jpg,null,null,null,null,null,null,null
UCkRpflgoq9XYz7L7V5bozVA,Brodha V,UUkRpflgoq9XYz7L7V5bozVA,https://yt3.ggpht.com/-p1csfrXiPxc/AAAAAAAAAAI/AAAAAAAAAAA/Rl7Q6uAm9Ag/s300-c-k-no-mo-rj-c0xffffff/photo.jpg,null,null,null,null,null,null,null
UCHTOHkoIesovMlUUdfjXy6A,Penn Masala,UUHTOHkoIesovMlUUdfjXy6A,https://yt3.ggpht.com/-P7WOfL9Hh3Q/AAAAAAAAAAI/AAAAAAAAAAA/q2EB9UgcNQc/s300-c-k-no-mo-rj-c0xffffff/photo.jpg,null,null,null,null,null,null,null
UCBzRNetz7eOSqcAdNXhPZPA,Pehchan Music,UUBzRNetz7eOSqcAdNXhPZPA,https://yt3.ggpht.com/-4Z_Eo3_WgHs/AAAAAAAAAAI/AAAAAAAAAAA/hMq8iFGIVkM/s300-c-k-no-mo-rj-c0xffffff/photo.jpg,null,null,null,null,null,null,null
UCmP2KD0qhB-f-Uq7wyKYydw,Antareep Hazarika,UUmP2KD0qhB-f-Uq7wyKYydw,https://yt3.ggpht.com/-pVPXNXasrjE/AAAAAAAAAAI/AAAAAAAAAAA/MaZIsX4qWhc/s300-c-k-no-mo-rj-c0xffffff/photo.jpg,null,null,null,null,null,null,null
UC1sJ7FK_Dz5t423QIq5jOPA,Samarth Swarup,UU1sJ7FK_Dz5t423QIq5jOPA,https://yt3.ggpht.com/-I5GakewUbVA/AAAAAAAAAAI/AAAAAAAAAAA/m1cF8Uy_SSo/s300-c-k-no-mo-rj-c0xffffff/photo.jpg,null,null,null,null,null,null,null
UC6tKaP4AfhaX1HtVrWdl4Mg,Singh's Unplugged,UU6tKaP4AfhaX1HtVrWdl4Mg,https://yt3.ggpht.com/-6MpTtDI0Mc4/AAAAAAAAAAI/AAAAAAAAAAA/TmbclYVWF4Q/s300-c-k-no-mo-rj-c0xffffff/photo.jpg,null,null,null,null,null,null,null
UCuO36lPQr0tMuD7FmpbWnMQ,Swheta Subram,UUuO36lPQr0tMuD7FmpbWnMQ,https://yt3.ggpht.com/-4BUWR3ozIsc/AAAAAAAAAAI/AAAAAAAAAAA/KkzRH536r1s/s300-c-k-no-mo-rj-c0xffffff/photo.jpg,null,null,null,null,null,null,null
UCgKDxZqafO2ND2EvW0ud9-g,Chai Town,UUgKDxZqafO2ND2EvW0ud9-g,https://yt3.ggpht.com/-C5j8-E2Od-U/AAAAAAAAAAI/AAAAAAAAAAA/Ngq0NoREnnI/s300-c-k-no-mo-rj-c0xffffff/photo.jpg,null,null,null,null,null,null,null
UCW5mWliFhcI4VeKmrjKtaig,Nescafe Basement,UUW5mWliFhcI4VeKmrjKtaig,https://yt3.ggpht.com/-Xn0xd8ixgTc/AAAAAAAAAAI/AAAAAAAAAAA/yVopwyDru7k/s300-c-k-no-mo-rj-c0xffffff/photo.jpg,null,null,null,null,null,null,null
UCWiafQ2Ml-sG-lGIKDcHAjQ,Cornetto Pop Rock,UUWiafQ2Ml-sG-lGIKDcHAjQ,https://yt3.ggpht.com/-RQYY4z5Dq4E/AAAAAAAAAAI/AAAAAAAAAAA/wEtEeHjd0zs/s300-c-k-no-mo-rj-c0xffffff/photo.jpg,null,null,null,null,null,null,null
UCsKtsU4CBnk7YJwm-ru0_2g,Kanika Malhotra,UUsKtsU4CBnk7YJwm-ru0_2g,https://yt3.ggpht.com/-0eySY6kwHOQ/AAAAAAAAAAI/AAAAAAAAAAA/l-C0BCLOA0Q/s300-c-k-no-mo-rj-c0xffffff/photo.jpg,null,null,null,null,null,null,null
UCYFPVMDTv5iMFZB9LOSg_aw,Ramya Ramkumar,UUYFPVMDTv5iMFZB9LOSg_aw,https://yt3.ggpht.com/-GViIsRJK9J4/AAAAAAAAAAI/AAAAAAAAAAA/UMZn1QAuIKI/s300-c-k-no-mo-rj-c0xffffff/photo.jpg,null,null,null,null,null,null,null
UCwW5GJbVdK3QjveZAtD1wzg,Sanah Moidutty,UUwW5GJbVdK3QjveZAtD1wzg,https://yt3.ggpht.com/-Jp1xe4aHcTs/AAAAAAAAAAI/AAAAAAAAAAA/5BaZfX6VRGY/s300-c-k-no-mo-rj-c0xffffff/photo.jpg,null,null,null,null,null,null,null
UCI-QMRcPhx8eoijfAs3g7rw,Prateek Sahai,UUI-QMRcPhx8eoijfAs3g7rw,https://yt3.ggpht.com/-MdN50Zl3B4s/AAAAAAAAAAI/AAAAAAAAAAA/uuWvzPwFNtI/s300-c-k-no-mo-rj-c0xffffff/photo.jpg,null,null,null,null,null,null,null
UCr9uVEayfm6XcMz9sgDd-AA,Ritu Agarwal,UUr9uVEayfm6XcMz9sgDd-AA,https://yt3.ggpht.com/-v7KrE2wMkTE/AAAAAAAAAAI/AAAAAAAAAAA/qhbCFHcetlk/s300-c-k-no-mo-rj-c0xffffff/photo.jpg,null,null,null,null,null,null,null
UCKRt7XQEACepj0Cnbpyr9HA,Shubham Jadhav,UUKRt7XQEACepj0Cnbpyr9HA,https://yt3.ggpht.com/-PTUl6b8XLoU/AAAAAAAAAAI/AAAAAAAAAAA/g8tjff__xoo/s300-c-k-no-mo-rj-c0xffffff/photo.jpg,null,null,null,null,null,null,null
UC6-WIn5oMHtho_Ir0Z5GQwQ,Arjun Kanungo,UU6-WIn5oMHtho_Ir0Z5GQwQ,https://yt3.ggpht.com/-Mhnyj5M1qxI/AAAAAAAAAAI/AAAAAAAAAAA/g8ABQzv1Lsg/s300-c-k-no-mo-rj-c0xffffff/photo.jpg,null,null,null,null,null,null,null
UCzAn-hBNSTjX-QMnHASZFfA,Darshan Raval,UUzAn-hBNSTjX-QMnHASZFfA,https://yt3.ggpht.com/-lixEZsDiLxo/AAAAAAAAAAI/AAAAAAAAAAA/yw_g7uShI-k/s300-c-k-no-mo-rj-c0xffffff/photo.jpg,null,null,null,null,null,null,null
UCgGZFO6ueoD1rSeuUlNgpuA,Suprabha KV,UUgGZFO6ueoD1rSeuUlNgpuA,https://yt3.ggpht.com/-Z0pwbEaARhk/AAAAAAAAAAI/AAAAAAAAAAA/Q5bJ-zBxPR0/s300-c-k-no-mo-rj-c0xffffff/photo.jpg,null,null,null,null,null,null,null
UCxSjgkpmduLh7fbzssE2vmw,Asa Singh,UUxSjgkpmduLh7fbzssE2vmw,https://yt3.ggpht.com/-mfUJgqC7VGE/AAAAAAAAAAI/AAAAAAAAAAA/HHRRpbkkZbs/s300-c-k-no-mo-rj-c0xffffff/photo.jpg,null,null,null,null,null,null,null
UC44fNd5nx01dTvF_u522PhQ,Raj Barman,UU44fNd5nx01dTvF_u522PhQ,https://yt3.ggpht.com/-HIW5JwWkzA4/AAAAAAAAAAI/AAAAAAAAAAA/uZ0RVxNQpOY/s300-c-k-no-mo-rj-c0xffffff/photo.jpg,null,null,null,null,null,null,null
UCZlG1__5USHGw5t5uuQMXng,Dhruvesh Patel,UUZlG1__5USHGw5t5uuQMXng,https://yt3.ggpht.com/-YpWBR3T4Pf0/AAAAAAAAAAI/AAAAAAAAAAA/PGqlnNRmlw8/s300-c-k-no-mo-rj-c0xffffff/photo.jpg,null,null,null,null,null,null,null
UCVv7h9KKcQ5B6KFVHOhZl4Q,Bryden-Parth Music,UUVv7h9KKcQ5B6KFVHOhZl4Q,https://yt3.ggpht.com/-fPh3669hVlk/AAAAAAAAAAI/AAAAAAAAAAA/Vifj3tqISc0/s300-c-k-no-mo-rj-c0xffffff/photo.jpg,null,null,null,null,null,null,null
UCorPmDp7LWBP_n8X3lyMNWg,Husnain Lahori,UUorPmDp7LWBP_n8X3lyMNWg,https://yt3.ggpht.com/-tyGBIwSMibc/AAAAAAAAAAI/AAAAAAAAAAA/nFMSyKUIEUQ/s300-c-k-no-mo-rj-c0xffffff/photo.jpg,null,null,null,null,null,null,null
UCFVWHa07-3tFakZ4ScH8Chg,Sachet Tandon,UUFVWHa07-3tFakZ4ScH8Chg,https://yt3.ggpht.com/-pBmQM-5JlUw/AAAAAAAAAAI/AAAAAAAAAAA/B3dOUaZrttU/s300-c-k-no-mo-rj-c0xffffff/photo.jpg,null,null,null,null,null,null,null
UCjUvzzaBlK82-Kpvy3uG9yA,Being Indian Music,UUjUvzzaBlK82-Kpvy3uG9yA,https://yt3.ggpht.com/-CV-gg_Lt48c/AAAAAAAAAAI/AAAAAAAAAAA/ucuITgufmk4/s300-c-k-no-mo-rj-c0xffffff/photo.jpg,null,null,null,null,null,null,null
UCK_ungzYZjsoeuCvzv8RTog,Lisa Mishra,UUK_ungzYZjsoeuCvzv8RTog,https://yt3.ggpht.com/-S6S9827Fawc/AAAAAAAAAAI/AAAAAAAAAAA/TlKHJFOfu-c/s300-c-k-no-mo-rj-c0xffffff/photo.jpg,null,null,null,null,null,null,null
UC0yApU19PqATWGp-dw9WgBA,Virtual Planet Music,UU0yApU19PqATWGp-dw9WgBA,https://yt3.ggpht.com/-LK6mm-6XyqE/AAAAAAAAAAI/AAAAAAAAAAA/9iiOAC8diuo/s300-c-k-no-mo-rj-c0xffffff/photo.jpg,null,null,null,null,null,null,null
UCaNUlwkbYWPJqicV4R896ew,Shriram Iyer,UUaNUlwkbYWPJqicV4R896ew,https://yt3.ggpht.com/-UX0KrtxoahY/AAAAAAAAAAI/AAAAAAAAAAA/qrPnQwUAI0E/s300-c-k-no-mo-rj-c0xffffff/photo.jpg,null,null,null,null,null,null,null
UCXuO_AmrcE16fDoNiq9JZZg,Coke Studio India,UUXuO_AmrcE16fDoNiq9JZZg,https://yt3.ggpht.com/-pKFVgkhc2bI/AAAAAAAAAAI/AAAAAAAAAAA/rZRx-uaTkZg/s300-c-k-no-mo-rj-c0xffffff/photo.jpg,null,null,null,null,null,null,null
UCM1VesJtJ9vTXcMLLr_FfdQ,Coke Studio Pak,UUM1VesJtJ9vTXcMLLr_FfdQ,https://yt3.ggpht.com/-qNq8mZ-sNjA/AAAAAAAAAAI/AAAAAAAAAAA/akXsZPYtYMQ/s300-c-k-no-mo-rj-c0xffffff/photo.jpg,null,null,null,null,null,null,null
UCzAh4A_J9kMY3CtdXSriAMA,Priyanka Parashar,UUzAh4A_J9kMY3CtdXSriAMA,https://yt3.ggpht.com/-tXnpNww5Abg/AAAAAAAAAAI/AAAAAAAAAAA/JYtBxP9NxwE/s300-c-k-no-mo-rj-c0xffffff/photo.jpg,null,null,null,null,null,null,null
UC8Qpm_lrS7pWF23ChxhvkXQ,Neetusha Cherckal,UU8Qpm_lrS7pWF23ChxhvkXQ,https://yt3.ggpht.com/-i2y6T44-xHM/AAAAAAAAAAI/AAAAAAAAAAA/DtUTZXTgOSk/s300-c-k-no-mo-rj-c0xffffff/photo.jpg,null,null,null,null,null,null,null
UCWQBtQ7-F7B-eaM1-Ls6aFw,FourHead Media,UUWQBtQ7-F7B-eaM1-Ls6aFw,https://yt3.ggpht.com/-MhoFFIV6mh0/AAAAAAAAAAI/AAAAAAAAAAA/AP_mUejRVB8/s300-c-k-no-mo-rj-c0xffffff/photo.jpg,null,null,null,null,null,null,null
UC9RiL1LNPi8is-b9JOp2sjQ,Anurag Mohn,UU9RiL1LNPi8is-b9JOp2sjQ,https://yt3.ggpht.com/-UQB4z-dSInI/AAAAAAAAAAI/AAAAAAAAAAA/RdDTxM1Tc_w/s300-c-k-no-mo-rj-c0xffffff/photo.jpg,null,null,null,null,null,null,null
UC31ZzlPiOcdCHzMtU6iaNrw,Diya Ghosh,UU31ZzlPiOcdCHzMtU6iaNrw,https://yt3.ggpht.com/-_4bJlaUQA9w/AAAAAAAAAAI/AAAAAAAAAAA/wGd-2L4ZsSA/s300-c-k-no-mo-rj-c0xffffff/photo.jpg,null,null,null,null,null,null,null
UCqFltCZc4UN77q2BgeIoY9g,Priyansh Paliwal,UUqFltCZc4UN77q2BgeIoY9g,https://yt3.ggpht.com/-KhIrwR_qz2M/AAAAAAAAAAI/AAAAAAAAAAA/lzlWVjJt8dg/s300-c-k-no-mo-rj-c0xffffff/photo.jpg,null,null,null,null,null,null,null
UCAARY8o90LXhaveD58FmEZA,Amika Shail,UUAARY8o90LXhaveD58FmEZA,https://yt3.ggpht.com/-cpPxBTLd9CM/AAAAAAAAAAI/AAAAAAAAAAA/oUp80b6IPF0/s300-c-k-no-mo-rj-c0xffffff/photo.jpg,null,null,null,null,null,null,null
UC7KLY9LOG5mKsVoj8DJKeOA,Siddharth Rajpoot,UU7KLY9LOG5mKsVoj8DJKeOA,https://yt3.ggpht.com/-M_h6iSMlN4o/AAAAAAAAAAI/AAAAAAAAAAA/ywXvBBy6Umw/s300-c-k-no-mo-rj-c0xffffff/photo.jpg,null,null,null,null,null,null,null
UCmAkJ5mzukCzD1uzMpoaJOg,Audio Wing - Aakash Parmar,UUmAkJ5mzukCzD1uzMpoaJOg,https://yt3.ggpht.com/-zol7i7S2Zmc/AAAAAAAAAAI/AAAAAAAAAAA/PU6vxRDo_dc/s300-c-k-no-mo-rj-c0xffffff/photo.jpg,null,null,null,null,null,null,null
UCFF42XrJF6wIeMp0thAOlXQ,Dhaval Kothari,UUFF42XrJF6wIeMp0thAOlXQ,https://yt3.ggpht.com/-BhM2nbHvhKU/AAAAAAAAAAI/AAAAAAAAAAA/93eNWCbKr2Y/s300-c-k-no-mo-rj-c0xffffff/photo.jpg,null,null,null,null,null,null,null
UC8Vd57n_AtWvBogvA4W-m_Q,Dhruvit Shah,UU8Vd57n_AtWvBogvA4W-m_Q,https://yt3.ggpht.com/-oGZ2eLgDlWQ/AAAAAAAAAAI/AAAAAAAAAAA/aKrkYIWLNbo/s300-c-k-no-mo-rj-c0xffffff/photo.jpg,null,null,null,null,null,null,null
UCzUYuC_9XdUUdrnyLii8WYg,All India Bakchod,UUzUYuC_9XdUUdrnyLii8WYg,https://yt3.ggpht.com/-QSdUl6wilzo/AAAAAAAAAAI/AAAAAAAAAAA/BGrQrNGDA8U/s300-c-k-no-mo-rj-c0xffffff/photo.jpg,null,null,null,null,null,null,null
UCNJcSUSzUeFm8W9P7UUlSeQ,The Viral Fever Videos,UUNJcSUSzUeFm8W9P7UUlSeQ,https://yt3.ggpht.com/-YXJx9IxofWg/AAAAAAAAAAI/AAAAAAAAAAA/X2iQbpe_z0U/s300-c-k-no-mo-rj-c0xffffff/photo.jpg,null,null,null,null,null,null,null
UCNyeSfUfffmJXwA2_tmNG9A,Screen Patti,UUNyeSfUfffmJXwA2_tmNG9A,https://yt3.ggpht.com/-m_As9-vl8us/AAAAAAAAAAI/AAAAAAAAAAA/TECwXcM4wBs/s300-c-k-no-mo-rj-c0xffffff/photo.jpg,null,null,null,null,null,null,null
UCqwUrj10mAEsqezcItqvwEw,BB Ki Vines,UUqwUrj10mAEsqezcItqvwEw,https://yt3.ggpht.com/-V7WGpnvPvtI/AAAAAAAAAAI/AAAAAAAAAAA/BI3_YxcidJs/s300-c-k-no-mo-rj-c0xffffff/photo.jpg,null,null,null,null,null,null,null
UCdxbhKxr8pyWTx1ExCSmJRw,Girliyapa,UUdxbhKxr8pyWTx1ExCSmJRw,https://yt3.ggpht.com/--QWIyMMLzyE/AAAAAAAAAAI/AAAAAAAAAAA/KKcmGlgVNiE/s300-c-k-no-mo-rj-c0xffffff/photo.jpg,null,null,null,null,null,null,null
UCTvfCN8JdnZflZK_9RygbXQ,Funda Curry,UUTvfCN8JdnZflZK_9RygbXQ,https://yt3.ggpht.com/-cIKu74AClBI/AAAAAAAAAAI/AAAAAAAAAAA/ZMu7AwgXg9g/s300-c-k-no-mo-rj-c0xffffff/photo.jpg,null,null,null,null,null,null,null
UCTlnaHHQ75zlDg_fLr7tGEg,The Timeliners,UUTlnaHHQ75zlDg_fLr7tGEg,https://yt3.ggpht.com/-2lD_57lyIpo/AAAAAAAAAAI/AAAAAAAAAAA/ECEBFqF9QIc/s300-c-k-no-mo-rj-c0xffffff/photo.jpg,null,null,null,null,null,null,null
UC7IMq6lLHbptAnSucW1pClA,Filter Copy,UU7IMq6lLHbptAnSucW1pClA,https://yt3.ggpht.com/-Jv2040X0ICU/AAAAAAAAAAI/AAAAAAAAAAA/J_5mwmIXc78/s300-c-k-no-mo-rj-c0xffffff/photo.jpg,null,null,null,null,null,null,null
UCC89oVFqenaffhBoyqxd6qw,Dice Media,UUC89oVFqenaffhBoyqxd6qw,https://yt3.ggpht.com/-vWbkJ8KveMs/AAAAAAAAAAI/AAAAAAAAAAA/-FXuJq7igMg/s300-c-k-no-mo-rj-c0xffffff/photo.jpg,null,null,null,null,null,null,null
UCx2HcmpB-UZGkMXOCJ4QIVA,ScoopWhoop,UUx2HcmpB-UZGkMXOCJ4QIVA,https://yt3.ggpht.com/-bEyMRyOuixI/AAAAAAAAAAI/AAAAAAAAAAA/u2GJ4TFa-aU/s300-c-k-no-mo-rj-c0xffffff/photo.jpg,null,null,null,null,null,null,null
UChAlpEbfW1y9auiBC08ZwGQ,Being Indian,UUhAlpEbfW1y9auiBC08ZwGQ,https://yt3.ggpht.com/-mg1OKiIdJHU/AAAAAAAAAAI/AAAAAAAAAAA/SYWXAcsn_t4/s300-c-k-no-mo-rj-c0xffffff/photo.jpg,null,null,null,null,null,null,null
UCF-aIi0zXNwZZucGtWk4pug,Shudh Desi Endings,UUF-aIi0zXNwZZucGtWk4pug,https://yt3.ggpht.com/-Fna8TFj6sBM/AAAAAAAAAAI/AAAAAAAAAAA/daeLNprMY5s/s300-c-k-no-mo-rj-c0xffffff/photo.jpg,null,null,null,null,null,null,null
UCTXElCuOYjDs5BS68ki_bpg,Web Talkies,UUTXElCuOYjDs5BS68ki_bpg,https://yt3.ggpht.com/-caex7YHqW2c/AAAAAAAAAAI/AAAAAAAAAAA/hcqzfPDfX94/s300-c-k-no-mo-rj-c0xffffff/photo.jpg,null,null,null,null,null,null,null
UCj22tfcQrWG7EMEKS0qLeEg,CarryMinati,UUj22tfcQrWG7EMEKS0qLeEg,https://yt3.ggpht.com/-MczKppo_8TQ/AAAAAAAAAAI/AAAAAAAAAAA/MLb_qfmgpsE/s300-c-k-no-mo-rj-c0xffffff/photo.jpg,null,null,null,null,null,null,null
UCpU9EZn1Ll9kPpSuBsn4VyA,East India Comedy,UUpU9EZn1Ll9kPpSuBsn4VyA,https://yt3.ggpht.com/-ck2LMbPX_fE/AAAAAAAAAAI/AAAAAAAAAAA/Au_D5F4yLcU/s300-c-k-no-mo-rj-c0xffffff/photo.jpg,null,null,null,null,null,null,null
UCkS7Vxu4PjM99w0Is6idjcg,Zakir Khan,UUkS7Vxu4PjM99w0Is6idjcg,https://yt3.ggpht.com/-ZvRGq5SItxY/AAAAAAAAAAI/AAAAAAAAAAA/HgyRNfnnDm8/s300-c-k-no-mo-rj-c0xffffff/photo.jpg,null,null,null,null,null,null,null
UCyOyIUC4bBPjNWkd5gG30TA,Biswa Kalyan Rath,UUyOyIUC4bBPjNWkd5gG30TA,https://yt3.ggpht.com/-NaQNnqERe-E/AAAAAAAAAAI/AAAAAAAAAAA/SxuVbaze3bQ/s300-c-k-no-mo-rj-c0xffffff/photo.jpg,null,null,null,null,null,null,null
UCzFSSjhjB1L4M32DrzV3FHQ,Old Delhi Films,UUzFSSjhjB1L4M32DrzV3FHQ,https://yt3.ggpht.com/-10DLFnU4js0/AAAAAAAAAAI/AAAAAAAAAAA/zb8A1FzD0XQ/s300-c-k-no-mo-rj-c0xffffff/photo.jpg,null,null,null,null,null,null,null
UC5W8kZaY_u59fwgtjnLrBXA,Kanan Gill,UU5W8kZaY_u59fwgtjnLrBXA,https://yt3.ggpht.com/-MywEBopJg6g/AAAAAAAAAAI/AAAAAAAAAAA/5ex3mrV7jjw/s300-c-k-no-mo-rj-c0xffffff/photo.jpg,null,null,null,null,null,null,null
UCzNq9i-DlDDBLjPerVzJW-A,Kenny Sebastian,UUzNq9i-DlDDBLjPerVzJW-A,https://yt3.ggpht.com/-sh_ncbmoSyo/AAAAAAAAAAI/AAAAAAAAAAA/1XAis4KrJ9c/s300-c-k-no-mo-rj-c0xffffff/photo.jpg,null,null,null,null,null,null,null
UCtWoDeegvTPfuuNm_ilJntg,Abis Mathew,UUtWoDeegvTPfuuNm_ilJntg ,https://yt3.ggpht.com/-SSpmSUUgNcU/AAAAAAAAAAI/AAAAAAAAAAA/7JajM88DkSE/s300-c-k-no-mo-rj-c0xffffff/photo.jpg,null,null,null,null,null,null,null
UCrfkB8kEd58c9wWGWsWIwEA,Funk You,UUrfkB8kEd58c9wWGWsWIwEA,https://yt3.ggpht.com/-O2OdxVPzQAY/AAAAAAAAAAI/AAAAAAAAAAA/eyXsW0IcPpU/s300-c-k-no-mo-rj-c0xffffff/photo.jpg,null,null,null,null,null,null,null
UCXIc6eWL9kukLU-ZbV3biOQ,TroubleSeeker Team,UUXIc6eWL9kukLU-ZbV3biOQ,https://yt3.ggpht.com/-MtVPskQTqa4/AAAAAAAAAAI/AAAAAAAAAAA/_DrDfhQWNnQ/s300-c-k-no-mo-rj-c0xffffff/photo.jpg,null,null,null,null,null,null,null
UCX2xI6iQR70IWlpi23V0gPw,Vir Das,UUX2xI6iQR70IWlpi23V0gPw,https://yt3.ggpht.com/-ndkDZNsCu54/AAAAAAAAAAI/AAAAAAAAAAA/KRY8enFKSMI/s300-c-k-no-mo-rj-c0xffffff/photo.jpg,null,null,null,null,null,null,null
UC6xOVUMstTf08rUgOFbyPEA,SnG Comedy,UU6xOVUMstTf08rUgOFbyPEA,https://yt3.ggpht.com/-GlVR4xnVsRk/AAAAAAAAAAI/AAAAAAAAAAA/MH1vEneEAHg/s300-c-k-no-mo-rj-c0xffffff/photo.jpg,null,null,null,null,null,null,null
UCY6S78uy7ViTx5-Wc029oqA,Evam Standup Tamasha,UUY6S78uy7ViTx5-Wc029oqA,https://yt3.ggpht.com/-mfXJq-m6v9Y/AAAAAAAAAAI/AAAAAAAAAAA/QXHgHGzxNpE/s300-c-k-no-mo-rj-c0xffffff/photo.jpg,null,null,null,null,null,null,null
UCbFrIJT6pjUoMNa3UNSdYnw,Comedy Munch,UUbFrIJT6pjUoMNa3UNSdYnw,https://yt3.ggpht.com/-K__Yscm0X8c/AAAAAAAAAAI/AAAAAAAAAAA/KMQVS6cl7Kc/s300-c-k-no-mo-rj-c0xffffff/photo.jpg,null,null,null,null,null,null,null
UCsHhB0DI59ru6T4fp5lb4Jw,The Baigan Vines,UUsHhB0DI59ru6T4fp5lb4Jw,https://yt3.ggpht.com/-Dw8uoiXaXAs/AAAAAAAAAAI/AAAAAAAAAAA/vcgDOtEBn5k/s300-c-k-no-mo-rj-c0xffffff/photo.jpg,null,null,null,null,null,null,null
UC7sRFTKIbH4NNpFXmpUAWuA,Be YouNick,UU7sRFTKIbH4NNpFXmpUAWuA,https://yt3.ggpht.com/-FKiOU183-Xo/AAAAAAAAAAI/AAAAAAAAAAA/ghHSWc5HL-E/s300-c-k-no-mo-rj-c0xffffff/photo.jpg,null,null,null,null,null,null,null
UCVmEbEQUGXHVm-O9pqa3JWg,Harsh Beniwal,UUVmEbEQUGXHVm-O9pqa3JWg,https://yt3.ggpht.com/-Hwd5CtL7vl4/AAAAAAAAAAI/AAAAAAAAAAA/gTTRxnhQfpw/s300-c-k-no-mo-rj-c0xffffff/photo.jpg,null,null,null,null,null,null,null
UCsSZyyGKf9FdpqDmynjVBcA,RealSHIT,UUsSZyyGKf9FdpqDmynjVBcA,https://yt3.ggpht.com/-5U22oB8fXbw/AAAAAAAAAAI/AAAAAAAAAAA/_6RX5y1UbjM/s300-c-k-no-mo-rj-c0xffffff/photo.jpg,null,null,null,null,null,null,null
UCyzcUJoFTL32HM2Mfs4z6lw,Baap of Bakchod,UUyzcUJoFTL32HM2Mfs4z6lw,https://yt3.ggpht.com/-dwAuFjlU9xU/AAAAAAAAAAI/AAAAAAAAAAA/DwFgYNmDwmo/s300-c-k-no-mo-rj-c0xffffff/photo.jpg,null,null,null,null,null,null,null
UC3uxeGBkUIYZlLfeQKful8Q,COMEDYWALAS,UU3uxeGBkUIYZlLfeQKful8Q,https://yt3.ggpht.com/-6C9ahhO73v4/AAAAAAAAAAI/AAAAAAAAAAA/Jokr0C4C-Fg/s300-c-k-no-mo-rj-c0xffffff/photo.jpg,null,null,null,null,null,null,null
UCQ86kqo-kULs8EU8ZqQTE1A,Hyderabad Diaries,UUQ86kqo-kULs8EU8ZqQTE1A,https://yt3.ggpht.com/-tltlt29CVD8/AAAAAAAAAAI/AAAAAAAAAAA/rZRfJgrvcP0/s300-c-k-no-mo-rj-c0xffffff/photo.jpg,null,null,null,null,null,null,null
UC3F91vt9Q48_2WrnF5Dp15w,Sanket Bhosale,UU3F91vt9Q48_2WrnF5Dp15w,https://yt3.ggpht.com/-2sBoR8us-N4/AAAAAAAAAAI/AAAAAAAAAAA/KFX91eM3qbk/s300-c-k-no-mo-rj-c0xffffff/photo.jpg,null,null,null,null,null,null,null
UCsLOXfgwzeLAl9E-6Flu3Bg,LShokeen Films,UUsLOXfgwzeLAl9E-6Flu3Bg,https://yt3.ggpht.com/-iDTgbj9hRS8/AAAAAAAAAAI/AAAAAAAAAAA/BlDLiMcMfxw/s300-c-k-no-mo-rj-c0xffffff/photo.jpg,null,null,null,null,null,null,null
UCnuen5DBNNREHhvC-VY296Q,2 Foreigners In Bollywood,UUnuen5DBNNREHhvC-VY296Q,https://yt3.ggpht.com/-6xWi6jWNlGc/AAAAAAAAAAI/AAAAAAAAAAA/X2HLBL3AbYc/s300-c-k-no-mo-rj-c0xffffff/photo.jpg,null,null,null,null,null,null,null
UCc3b8uaQNySMagDbHsm52Tg,Aashqeen,UUc3b8uaQNySMagDbHsm52Tg,https://yt3.ggpht.com/-5Vo8pkOwFFI/AAAAAAAAAAI/AAAAAAAAAAA/uivHY7EmKqs/s300-c-k-no-mo-rj-c0xffffff/photo.jpg,null,null,null,null,null,null,null
UC_vcKmg67vjMP7ciLnSxSHQ,Amit Bhadana,UU_vcKmg67vjMP7ciLnSxSHQ,https://yt3.ggpht.com/-8J6Q-t5ZMLM/AAAAAAAAAAI/AAAAAAAAAAA/lF4LywyNlj8/s300-c-k-no-mo-rj-c0xffffff/photo.jpg,null,null,null,null,null,null,null
UC7eHZXheF8nVOfwB2PEslMw,Ashish Chanchlani,UU7eHZXheF8nVOfwB2PEslMw,https://yt3.ggpht.com/-mhZwaQv475g/AAAAAAAAAAI/AAAAAAAAAAA/kBkYWSVUExE/s300-c-k-no-mo-rj-c0xffffff/photo.jpg,null,null,null,null,null,null,null
UCa30cxhddoMbRYLaD2635tA,Jayvijay Sachan,UUa30cxhddoMbRYLaD2635tA,https://yt3.ggpht.com/-5-TYRal68JY/AAAAAAAAAAI/AAAAAAAAAAA/wpcCbMG7q2A/s300-c-k-no-mo-rj-c0xffffff/photo.jpg,null,null,null,null,null,null,null
UCl--LVcANGKHJYN7O8uY6OA,Quick Reaction Team,Uul--LVcANGKHJYN7O8uY6OA,https://yt3.ggpht.com/-wgd03Gok4lI/AAAAAAAAAAI/AAAAAAAAAAA/67XqN509wKQ/s300-c-k-no-mo-rj-c0xffffff/photo.jpg,null,null,null,null,null,null,null
UCRKaf2y19u6G4iwS5sskLvQ,Rickshawali,UURKaf2y19u6G4iwS5sskLvQ,https://yt3.ggpht.com/-dIsnz_UQdiQ/AAAAAAAAAAI/AAAAAAAAAAA/iTMwCkxBzEs/s300-c-k-no-mo-rj-c0xffffff/photo.jpg,null,null,null,null,null,null,null
UCz6l7YPnfyxvbVD7LVuNEow,Rishhsome,UUz6l7YPnfyxvbVD7LVuNEow,https://yt3.ggpht.com/-E00lm98pvew/AAAAAAAAAAI/AAAAAAAAAAA/0oWPfGGzBcI/s300-c-k-no-mo-rj-c0xffffff/photo.jpg,null,null,null,null,null,null,null
UCmnt4lY5v9EQDWWE89OXrhQ,Sham Idrees,UUmnt4lY5v9EQDWWE89OXrhQ,https://yt3.ggpht.com/-qjie6jReH8k/AAAAAAAAAAI/AAAAAAAAAAA/msa6SPrRJvQ/s300-c-k-no-mo-rj-c0xffffff/photo.jpg,null,null,null,null,null,null,null
UCeOrhhGAIu6IvNv8_WWMqHA,What The Fukrey,UUeOrhhGAIu6IvNv8_WWMqHA,https://yt3.ggpht.com/-JgYuQ_1aomY/AAAAAAAAAAI/AAAAAAAAAAA/juH84tw3jf8/s300-c-k-no-mo-rj-c0xffffff/photo.jpg,null,null,null,null,null,null,null